participant,Practice,Block,taskNr,size1,size2,Position,orientation,method,estimateRatio-Percentage,time,ParticipantAngle,condition,totaltime,code
1,false,1,0,0.28,1.00,1,vertical,ratioPercentage,24,11.1577,165.7718,position1-vertical,11158.63,0.28
1,false,1,1,0.88,1.00,0,vertical,ratioPercentage,95,19.79099,92.57135,position0-vertical,21144.4,0.88
1,false,1,2,0.68,1.00,1,vertical,ratioPercentage,71,13.65534,165.757,position1-vertical,14386.57,0.68
1,false,1,3,0.68,1.00,2,vertical,ratioPercentage,72,12.07408,171.625,position2-vertical,12074.3,0.68
1,false,1,4,0.88,1.00,1,vertical,ratioPercentage,92,12.42865,165.4024,position1-vertical,12432.34,0.88
1,false,1,5,0.38,1.00,1,vertical,ratioPercentage,29,12.48307,165.3185,position1-vertical,12487.76,0.38
1,false,1,6,0.68,1.00,0,vertical,ratioPercentage,81,17.00858,90.86885,position0-vertical,18169.95,0.68
1,false,1,7,0.18,1.00,2,vertical,ratioPercentage,11,9.445969,171.6784,position2-vertical,10737.39,0.18
1,false,1,8,0.28,1.00,2,vertical,ratioPercentage,18,9.015823,171.6123,position2-vertical,9025.422,0.28
1,false,1,9,0.48,1.00,2,vertical,ratioPercentage,50,6.404984,171.5504,position2-vertical,6411.375,0.48
1,false,1,10,0.38,1.00,0,vertical,ratioPercentage,42,15.99521,92.72961,position0-vertical,17190.23,0.38
1,false,1,11,0.18,1.00,0,vertical,ratioPercentage,17,13.68968,92.36553,position0-vertical,13694.47,0.18
1,false,1,12,0.48,1.00,1,vertical,ratioPercentage,50,5.197739,165.7386,position1-vertical,5796.938,0.48
1,false,1,13,0.88,1.00,2,vertical,ratioPercentage,90,8.331055,171.6102,position2-vertical,8333.313,0.88
1,false,1,14,0.18,1.00,1,vertical,ratioPercentage,10,11.94893,165.507,position1-vertical,11951.22,0.18
1,false,1,15,0.78,1.00,2,vertical,ratioPercentage,84,6.639191,171.5702,position2-vertical,6645.813,0.78
1,false,1,16,0.28,1.00,0,vertical,ratioPercentage,24,8.736984,93.78165,position0-vertical,10108.91,0.28
1,false,1,17,0.58,1.00,0,vertical,ratioPercentage,62,11.03932,92.99902,position0-vertical,11046.78,0.58
1,false,1,18,0.78,1.00,1,vertical,ratioPercentage,81,7.715607,165.763,position1-vertical,8165.172,0.78
1,false,1,19,0.58,1.00,2,vertical,ratioPercentage,65,9.040878,171.6819,position2-vertical,9047.5,0.58
1,false,1,20,0.58,1.00,1,vertical,ratioPercentage,64,7.614731,165.6825,position1-vertical,7618.281,0.58
1,false,1,21,0.78,1.00,0,vertical,ratioPercentage,90,13.78052,93.85896,position0-vertical,14721.34,0.78
1,false,1,22,0.48,1.00,0,vertical,ratioPercentage,49,5.688232,93.80201,position0-vertical,5696.594,0.48
1,false,1,23,0.38,1.00,2,vertical,ratioPercentage,42,6.704773,171.5938,position2-vertical,7172.125,0.38
1,false,2,0,0.28,1.00,0,horizontal,ratioPercentage,24,9.056274,82.8045,position0-horizontal,9918.125,0.28
1,false,2,1,0.18,1.00,2,horizontal,ratioPercentage,10,9.392456,171.4509,position2-horizontal,11047.28,0.18
1,false,2,2,0.38,1.00,0,horizontal,ratioPercentage,40,14.17117,81.86628,position0-horizontal,15000.97,0.38
1,false,2,3,0.78,1.00,2,horizontal,ratioPercentage,79,15.75638,170.9954,position2-horizontal,16251.84,0.78
1,false,2,4,0.48,1.00,1,horizontal,ratioPercentage,51,10.70139,164.3677,position1-horizontal,10711.69,0.48
1,false,2,5,0.18,1.00,0,horizontal,ratioPercentage,10,9.489288,81.97035,position0-horizontal,10376.78,0.18
1,false,2,6,0.58,1.00,2,horizontal,ratioPercentage,55,12.62726,171.3335,position2-horizontal,13537.97,0.58
1,false,2,7,0.88,1.00,0,horizontal,ratioPercentage,93,11.40283,81.36694,position0-horizontal,12208.94,0.88
1,false,2,8,0.18,1.00,1,horizontal,ratioPercentage,11,10.27002,164.7484,position1-horizontal,10611.63,0.18
1,false,2,9,0.78,1.00,0,horizontal,ratioPercentage,87,8.634125,79.51888,position0-horizontal,10197.41,0.78
1,false,2,10,0.68,1.00,0,horizontal,ratioPercentage,71,17.582,81.00373,position0-horizontal,17592.34,0.68
1,false,2,11,0.38,1.00,2,horizontal,ratioPercentage,27,12.14917,171.2265,position2-horizontal,12722.72,0.38
1,false,2,12,0.58,1.00,1,horizontal,ratioPercentage,71,9.029877,164.5135,position1-horizontal,9036.281,0.58
1,false,2,13,0.88,1.00,1,horizontal,ratioPercentage,96,10.85355,164.4792,position1-horizontal,10856.97,0.88
1,false,2,14,0.48,1.00,0,horizontal,ratioPercentage,47,4.29184,81.21592,position0-horizontal,5093.875,0.48
1,false,2,15,0.68,1.00,1,horizontal,ratioPercentage,85,12.99561,164.7765,position1-horizontal,13470.44,0.68
1,false,2,16,0.28,1.00,1,horizontal,ratioPercentage,11,11.33282,164.6027,position1-horizontal,11337.22,0.28
1,false,2,17,0.88,1.00,2,horizontal,ratioPercentage,100,14.45334,171.2891,position2-horizontal,14453.81,0.88
1,false,2,18,0.58,1.00,0,horizontal,ratioPercentage,52,7.431152,81.36372,position0-horizontal,8533.406,0.58
1,false,2,19,0.68,1.00,2,horizontal,ratioPercentage,88,13.08423,171.3481,position2-horizontal,14297.56,0.68
1,false,2,20,0.48,1.00,2,horizontal,ratioPercentage,46,7.166992,171.9487,position2-horizontal,7171.625,0.48
1,false,2,21,0.78,1.00,1,horizontal,ratioPercentage,91,16.97986,165.0037,position1-horizontal,16990.63,0.78
1,false,2,22,0.28,1.00,2,horizontal,ratioPercentage,12,10.14246,171.4872,position2-horizontal,10151.5,0.28
1,false,2,23,0.38,1.00,1,horizontal,ratioPercentage,26,10.55347,165.0089,position1-horizontal,10555.44,0.38
2,false,1,0,0.28,1.00,0,horizontal,ratioPercentage,30,6.299526,86.47353,position0-horizontal,6299.852,0.28
2,false,1,1,0.58,1.00,0,horizontal,ratioPercentage,60,4.6798,86.78502,position0-horizontal,4680.271,0.58
2,false,1,2,0.88,1.00,2,horizontal,ratioPercentage,100,11.30901,171.6729,position2-horizontal,11906.99,0.88
2,false,1,3,0.18,1.00,0,horizontal,ratioPercentage,15,8.870342,88.82487,position0-horizontal,9539.109,0.18
2,false,1,4,0.88,1.00,1,horizontal,ratioPercentage,90,11.94678,165.0414,position1-horizontal,12476.45,0.88
2,false,1,5,0.58,1.00,2,horizontal,ratioPercentage,50,8.335354,171.5256,position2-horizontal,8344.125,0.58
2,false,1,6,0.18,1.00,1,horizontal,ratioPercentage,10,9.64135,164.9288,position1-horizontal,9650.445,0.18
2,false,1,7,0.78,1.00,2,horizontal,ratioPercentage,90,11.7143,171.5121,position2-horizontal,11717.39,0.78
2,false,1,8,0.48,1.00,1,horizontal,ratioPercentage,40,5.185928,164.8931,position1-horizontal,5193.844,0.48
2,false,1,9,0.48,1.00,2,horizontal,ratioPercentage,40,4.922974,171.4605,position2-horizontal,4925.938,0.48
2,false,1,10,0.68,1.00,0,horizontal,ratioPercentage,70,8.607338,89.50716,position0-horizontal,9717.695,0.68
2,false,1,11,0.28,1.00,1,horizontal,ratioPercentage,25,7.650009,164.9321,position1-horizontal,8109.344,0.28
2,false,1,12,0.68,1.00,1,horizontal,ratioPercentage,75,8.00341,164.812,position1-horizontal,8008.961,0.68
2,false,1,13,0.38,1.00,0,horizontal,ratioPercentage,40,9.87352,88.7906,position0-horizontal,11258.99,0.38
2,false,1,14,0.88,1.00,0,horizontal,ratioPercentage,90,7.903595,83.92199,position0-horizontal,7907.859,0.88
2,false,1,15,0.68,1.00,2,horizontal,ratioPercentage,70,7.355911,171.2595,position2-horizontal,7796.766,0.68
2,false,1,16,0.78,1.00,1,horizontal,ratioPercentage,80,8.344131,164.6072,position1-horizontal,8354.891,0.78
2,false,1,17,0.28,1.00,2,horizontal,ratioPercentage,20,6.523163,171.3871,position2-horizontal,6523.469,0.28
2,false,1,18,0.48,1.00,0,horizontal,ratioPercentage,50,6.058731,88.91769,position0-horizontal,6813.344,0.48
2,false,1,19,0.78,1.00,0,horizontal,ratioPercentage,80,6.39241,85.28364,position0-horizontal,6400.344,0.78
2,false,1,20,0.18,1.00,2,horizontal,ratioPercentage,10,8.786362,171.2373,position2-horizontal,9382.828,0.18
2,false,1,21,0.38,1.00,2,horizontal,ratioPercentage,25,7.458679,171.2771,position2-horizontal,7461.219,0.38
2,false,1,22,0.38,1.00,1,horizontal,ratioPercentage,29,6.470444,164.6096,position1-horizontal,6478.438,0.38
2,false,1,23,0.58,1.00,1,horizontal,ratioPercentage,50,4.706558,164.615,position1-horizontal,4713.891,0.58
2,false,2,0,0.28,1.00,1,vertical,ratioPercentage,25,7.442856,165.4568,position1-vertical,7450.375,0.28
2,false,2,1,0.28,1.00,0,vertical,ratioPercentage,25,7.565155,98.47708,position0-vertical,8388.984,0.28
2,false,2,2,0.88,1.00,1,vertical,ratioPercentage,80,9.796722,165.4527,position1-vertical,10309.33,0.88
2,false,2,3,0.28,1.00,2,vertical,ratioPercentage,25,6.96756,171.9815,position2-vertical,6970.844,0.28
2,false,2,4,0.58,1.00,2,vertical,ratioPercentage,60,5.942856,171.8629,position2-vertical,5953.063,0.58
2,false,2,5,0.88,1.00,2,vertical,ratioPercentage,85,6.309067,171.8537,position2-vertical,6310.672,0.88
2,false,2,6,0.18,1.00,0,vertical,ratioPercentage,20,8.993225,101.4638,position0-vertical,9684.156,0.18
2,false,2,7,0.18,1.00,2,vertical,ratioPercentage,15,8.00592,172.1456,position2-vertical,8768.25,0.18
2,false,2,8,0.38,1.00,2,vertical,ratioPercentage,30,8.774323,171.9484,position2-vertical,8779.5,0.38
2,false,2,9,0.78,1.00,1,vertical,ratioPercentage,75,6.039276,166.1503,position1-vertical,6042.75,0.78
2,false,2,10,0.68,1.00,2,vertical,ratioPercentage,60,5.010101,171.9125,position2-vertical,5015.25,0.68
2,false,2,11,0.78,1.00,0,vertical,ratioPercentage,80,9.922119,104.2996,position0-vertical,10712.03,0.78
2,false,2,12,0.48,1.00,0,vertical,ratioPercentage,50,4.132416,99.69659,position0-vertical,4132.531,0.48
2,false,2,13,0.18,1.00,1,vertical,ratioPercentage,20,8.657715,165.9113,position1-vertical,9025.281,0.18
2,false,2,14,0.68,1.00,1,vertical,ratioPercentage,70,7.084595,165.8884,position1-vertical,7093.563,0.68
2,false,2,15,0.48,1.00,1,vertical,ratioPercentage,50,4.831757,165.8694,position1-vertical,4836.031,0.48
2,false,2,16,0.38,1.00,0,vertical,ratioPercentage,40,4.380066,101.6226,position0-vertical,5003.875,0.38
2,false,2,17,0.48,1.00,2,vertical,ratioPercentage,50,3.489807,171.8575,position2-vertical,3920.844,0.48
2,false,2,18,0.38,1.00,1,vertical,ratioPercentage,40,4.669922,165.9094,position1-vertical,4680.125,0.38
2,false,2,19,0.58,1.00,0,vertical,ratioPercentage,60,6.106079,100.9817,position0-vertical,6936.156,0.58
2,false,2,20,0.78,1.00,2,vertical,ratioPercentage,80,6.24115,171.6282,position2-vertical,6690.625,0.78
2,false,2,21,0.88,1.00,0,vertical,ratioPercentage,85,10.13052,100.1383,position0-vertical,10644.94,0.88
2,false,2,22,0.58,1.00,1,vertical,ratioPercentage,50,2.132477,165.8325,position1-vertical,2479.719,0.58
2,false,2,23,0.68,1.00,0,vertical,ratioPercentage,65,9.519196,104.3165,position0-vertical,10164.53,0.68
3,false,1,0,0.18,1.00,2,vertical,ratioPercentage,15,17.67498,171.1505,position2-vertical,17681.5,0.18
3,false,1,1,0.58,1.00,1,vertical,ratioPercentage,55,11.90435,164.8499,position1-vertical,11907.14,0.58
3,false,1,2,0.68,1.00,2,vertical,ratioPercentage,75,9.956818,171.1618,position2-vertical,9963.582,0.68
3,false,1,3,0.38,1.00,0,vertical,ratioPercentage,41,11.81171,87.54503,position0-vertical,12599.33,0.38
3,false,1,4,0.88,1.00,1,vertical,ratioPercentage,90,9.394424,164.7186,position1-vertical,9404.938,0.88
3,false,1,5,0.88,1.00,0,vertical,ratioPercentage,92,9.660446,89.30919,position0-vertical,10377.14,0.88
3,false,1,6,0.48,1.00,2,vertical,ratioPercentage,47,8.439499,171.1266,position2-vertical,8790.156,0.48
3,false,1,7,0.38,1.00,2,vertical,ratioPercentage,42,6.172592,171.1731,position2-vertical,6177.539,0.38
3,false,1,8,0.68,1.00,0,vertical,ratioPercentage,72,12.38466,89.42627,position0-vertical,12989.84,0.68
3,false,1,9,0.68,1.00,1,vertical,ratioPercentage,71,13.40214,164.4244,position1-vertical,13884.16,0.68
3,false,1,10,0.78,1.00,1,vertical,ratioPercentage,77,18.01918,164.5104,position1-vertical,18028.14,0.78
3,false,1,11,0.88,1.00,2,vertical,ratioPercentage,82,10.01604,170.9999,position2-vertical,10019.08,0.88
3,false,1,12,0.58,1.00,2,vertical,ratioPercentage,55,6.13797,171.1403,position2-vertical,6144.172,0.58
3,false,1,13,0.58,1.00,0,vertical,ratioPercentage,54,9.993866,86.49462,position0-vertical,10689.22,0.58
3,false,1,14,0.78,1.00,0,vertical,ratioPercentage,77,10.77266,89.17051,position0-vertical,10778.8,0.78
3,false,1,15,0.18,1.00,1,vertical,ratioPercentage,20,16.74072,164.4294,position1-vertical,17245.84,0.18
3,false,1,16,0.48,1.00,0,vertical,ratioPercentage,47,6.712997,94.08135,position0-vertical,7427.828,0.48
3,false,1,17,0.28,1.00,1,vertical,ratioPercentage,25,11.42033,164.1774,position1-vertical,11896.22,0.28
3,false,1,18,0.78,1.00,2,vertical,ratioPercentage,76,11.7598,170.8802,position2-vertical,11761.69,0.78
3,false,1,19,0.48,1.00,1,vertical,ratioPercentage,49,11.431,164.3164,position1-vertical,11437.88,0.48
3,false,1,20,0.18,1.00,0,vertical,ratioPercentage,19,12.23152,94.44669,position0-vertical,12844.97,0.18
3,false,1,21,0.38,1.00,1,vertical,ratioPercentage,32,18.40817,164.5366,position1-vertical,18776.66,0.38
3,false,1,22,0.28,1.00,0,vertical,ratioPercentage,25,10.71234,90.28603,position0-vertical,11370.84,0.28
3,false,1,23,0.28,1.00,2,vertical,ratioPercentage,25,9.575256,170.9169,position2-vertical,9896.219,0.28
3,false,2,0,0.48,1.00,2,horizontal,ratioPercentage,33,12.95654,170.7392,position2-horizontal,12957.25,0.48
3,false,2,1,0.78,1.00,0,horizontal,ratioPercentage,77,12.31357,78.34988,position0-horizontal,13057.03,0.78
3,false,2,2,0.18,1.00,1,horizontal,ratioPercentage,10,12.53723,163.4375,position1-horizontal,12957,0.18
3,false,2,3,0.48,1.00,0,horizontal,ratioPercentage,48,7.010773,79.62944,position0-horizontal,7662.406,0.48
3,false,2,4,0.48,1.00,1,horizontal,ratioPercentage,53,12.07703,163.2191,position1-horizontal,12588.47,0.48
3,false,2,5,0.68,1.00,0,horizontal,ratioPercentage,72,11.77646,78.62046,position0-horizontal,12443.88,0.68
3,false,2,6,0.58,1.00,0,horizontal,ratioPercentage,56,12.92157,85.91615,position0-horizontal,12922.91,0.58
3,false,2,7,0.18,1.00,2,horizontal,ratioPercentage,17,20.53198,170.9281,position2-horizontal,21043.75,0.18
3,false,2,8,0.78,1.00,2,horizontal,ratioPercentage,85,16.03885,170.8096,position2-horizontal,16040.19,0.78
3,false,2,9,0.38,1.00,1,horizontal,ratioPercentage,45,5.355743,164.0736,position1-horizontal,5361.375,0.38
3,false,2,10,0.68,1.00,1,horizontal,ratioPercentage,69,19.93808,164.0636,position1-horizontal,19948.97,0.68
3,false,2,11,0.78,1.00,1,horizontal,ratioPercentage,76,10.19226,164.0635,position1-horizontal,10198.63,0.78
3,false,2,12,0.58,1.00,1,horizontal,ratioPercentage,55,9.474884,164.047,position1-horizontal,9482.656,0.58
3,false,2,13,0.38,1.00,2,horizontal,ratioPercentage,25,7.739136,170.8569,position2-horizontal,7742,0.38
3,false,2,14,0.28,1.00,0,horizontal,ratioPercentage,25,10.56366,80.6857,position0-horizontal,11280.09,0.28
3,false,2,15,0.58,1.00,2,horizontal,ratioPercentage,53,6.467651,170.6319,position2-horizontal,7037.344,0.58
3,false,2,16,0.68,1.00,2,horizontal,ratioPercentage,69,11.90784,170.6189,position2-horizontal,11918,0.68
3,false,2,17,0.38,1.00,0,horizontal,ratioPercentage,35,13.23688,80.34434,position0-horizontal,13973.44,0.38
3,false,2,18,0.18,1.00,0,horizontal,ratioPercentage,21,8.012207,79.67382,position0-horizontal,8019.75,0.18
3,false,2,19,0.88,1.00,2,horizontal,ratioPercentage,91,11.28619,170.8004,position2-horizontal,11974,0.88
3,false,2,20,0.28,1.00,2,horizontal,ratioPercentage,21,9.826721,170.7512,position2-horizontal,9829.438,0.28
3,false,2,21,0.88,1.00,0,horizontal,ratioPercentage,86,15.80219,80.10863,position0-horizontal,16464.31,0.88
3,false,2,22,0.28,1.00,1,horizontal,ratioPercentage,25,8.338379,163.1685,position1-horizontal,8991.75,0.28
3,false,2,23,0.88,1.00,1,horizontal,ratioPercentage,82,6.841064,163.2202,position1-horizontal,6847.125,0.88
4,false,1,0,0.68,1.00,0,horizontal,ratioPercentage,71,9.342005,77.54196,position0-horizontal,10253.76,0.68
4,false,1,1,0.58,1.00,0,horizontal,ratioPercentage,59,16.91975,81.79279,position0-horizontal,16922.18,0.58
4,false,1,2,0.18,1.00,1,horizontal,ratioPercentage,9,12.5224,165.0664,position1-horizontal,13169.33,0.18
4,false,1,3,0.58,1.00,1,horizontal,ratioPercentage,47,8.299477,164.9556,position1-horizontal,8310.402,0.58
4,false,1,4,0.18,1.00,2,horizontal,ratioPercentage,8,15.14583,171.4879,position2-horizontal,15146.36,0.18
4,false,1,5,0.18,1.00,0,horizontal,ratioPercentage,12,12.63742,78.90608,position0-horizontal,13213.81,0.18
4,false,1,6,0.28,1.00,0,horizontal,ratioPercentage,24,14.37971,80.79661,position0-horizontal,14386.73,0.28
4,false,1,7,0.78,1.00,1,horizontal,ratioPercentage,75,6.662178,165.1407,position1-horizontal,7238.023,0.78
4,false,1,8,0.68,1.00,2,horizontal,ratioPercentage,85,9.54567,171.5584,position2-horizontal,9550.156,0.68
4,false,1,9,0.78,1.00,0,horizontal,ratioPercentage,79,8.179962,82.79137,position0-horizontal,8656.516,0.78
4,false,1,10,0.38,1.00,2,horizontal,ratioPercentage,25,17.1618,171.5482,position2-horizontal,17659.61,0.38
4,false,1,11,0.68,1.00,1,horizontal,ratioPercentage,69,13.55536,165.1199,position1-horizontal,13560.23,0.68
4,false,1,12,0.88,1.00,2,horizontal,ratioPercentage,94,9.292877,171.5836,position2-horizontal,9293.063,0.88
4,false,1,13,0.28,1.00,1,horizontal,ratioPercentage,12,11.81061,165.1933,position1-horizontal,11817.73,0.28
4,false,1,14,0.48,1.00,1,horizontal,ratioPercentage,38,9.862411,165.3889,position1-horizontal,9862.922,0.48
4,false,1,15,0.38,1.00,0,horizontal,ratioPercentage,40,10.82178,81.77551,position0-horizontal,11381.59,0.38
4,false,1,16,0.88,1.00,1,horizontal,ratioPercentage,91,8.727112,164.7402,position1-horizontal,9371.984,0.88
4,false,1,17,0.58,1.00,2,horizontal,ratioPercentage,54,6.918854,171.5999,position2-horizontal,6925.094,0.58
4,false,1,18,0.78,1.00,2,horizontal,ratioPercentage,86,15.40002,171.6167,position2-horizontal,15403.39,0.78
4,false,1,19,0.48,1.00,0,horizontal,ratioPercentage,46,8.570068,80.88871,position0-horizontal,9114.484,0.48
4,false,1,20,0.38,1.00,1,horizontal,ratioPercentage,29,19.95496,165.0009,position1-horizontal,20396,0.38
4,false,1,21,0.28,1.00,2,horizontal,ratioPercentage,14,10.90112,171.66,position2-horizontal,10901.72,0.28
4,false,1,22,0.48,1.00,2,horizontal,ratioPercentage,32,10.41141,171.6764,position2-horizontal,10421.41,0.48
4,false,1,23,0.88,1.00,0,horizontal,ratioPercentage,89,11.88867,84.2136,position0-horizontal,12543.91,0.88
4,false,2,0,0.18,1.00,2,vertical,ratioPercentage,19,11.47205,171.911,position2-vertical,12164.13,0.18
4,false,2,1,0.38,1.00,0,vertical,ratioPercentage,35,10.46326,96.13595,position0-vertical,11035.66,0.38
4,false,2,2,0.88,1.00,0,vertical,ratioPercentage,88,10.85333,94.5671,position0-vertical,10856.75,0.88
4,false,2,3,0.48,1.00,0,vertical,ratioPercentage,43,6.051605,94.33271,position0-vertical,6053.813,0.48
4,false,2,4,0.78,1.00,0,vertical,ratioPercentage,72,11.41165,94.28157,position0-vertical,11415.59,0.78
4,false,2,5,0.68,1.00,0,vertical,ratioPercentage,58,9.338715,94.78214,position0-vertical,9349.313,0.68
4,false,2,6,0.58,1.00,0,vertical,ratioPercentage,53,4.83078,94.0849,position0-vertical,4836.531,0.58
4,false,2,7,0.58,1.00,2,vertical,ratioPercentage,54,10.90292,171.5495,position2-vertical,11516.56,0.58
4,false,2,8,0.78,1.00,1,vertical,ratioPercentage,71,9.027924,165.6235,position1-vertical,9036.094,0.78
4,false,2,9,0.48,1.00,2,vertical,ratioPercentage,42,4.618744,171.7143,position2-vertical,4624.188,0.48
4,false,2,10,0.28,1.00,0,vertical,ratioPercentage,25,14.97925,94.60311,position0-vertical,15760.5,0.28
4,false,2,11,0.48,1.00,1,vertical,ratioPercentage,45,6.215576,166.219,position1-vertical,6825.219,0.48
4,false,2,12,0.28,1.00,2,vertical,ratioPercentage,29,10.03439,172.2753,position2-vertical,10041,0.28
4,false,2,13,0.28,1.00,1,vertical,ratioPercentage,28,11.20474,166.8165,position1-vertical,11214.81,0.28
4,false,2,14,0.18,1.00,0,vertical,ratioPercentage,18,14.1254,99.24162,position0-vertical,14542.91,0.18
4,false,2,15,0.88,1.00,2,vertical,ratioPercentage,88,16.00137,171.9018,position2-vertical,16575.94,0.88
4,false,2,16,0.68,1.00,2,vertical,ratioPercentage,61,8.423889,172.3455,position2-vertical,8433.625,0.68
4,false,2,17,0.38,1.00,1,vertical,ratioPercentage,43,6.524597,166.7166,position1-vertical,6534.063,0.38
4,false,2,18,0.58,1.00,1,vertical,ratioPercentage,56,8.390808,167.2443,position1-vertical,8399.531,0.58
4,false,2,19,0.68,1.00,1,vertical,ratioPercentage,62,7.251465,167.5652,position1-vertical,7260.688,0.68
4,false,2,20,0.18,1.00,1,vertical,ratioPercentage,22,6.965759,167.5376,position1-vertical,6969.844,0.18
4,false,2,21,0.38,1.00,2,vertical,ratioPercentage,40,10.9588,172.6288,position2-vertical,10959.75,0.38
4,false,2,22,0.78,1.00,2,vertical,ratioPercentage,66,7.093872,172.7988,position2-vertical,7101.625,0.78
4,false,2,23,0.88,1.00,1,vertical,ratioPercentage,89,8.974792,167.5381,position1-vertical,8981,0.88
5,false,1,0,0.48,1.00,0,vertical,ratioPercentage,45,5.328546,89.79405,position0-vertical,5338.918,0.48
5,false,1,1,0.88,1.00,2,vertical,ratioPercentage,89,15.73729,171.4823,position2-vertical,16497.63,0.88
5,false,1,2,0.38,1.00,2,vertical,ratioPercentage,26,5.890636,171.629,position2-vertical,5897.797,0.38
5,false,1,3,0.88,1.00,0,vertical,ratioPercentage,90,14.91726,96.68935,position0-vertical,15615.51,0.88
5,false,1,4,0.18,1.00,1,vertical,ratioPercentage,15,7.112095,164.7005,position1-vertical,7483.723,0.18
5,false,1,5,0.18,1.00,2,vertical,ratioPercentage,18,11.70712,171.3288,position2-vertical,11717.24,0.18
5,false,1,6,0.18,1.00,0,vertical,ratioPercentage,18,19.10892,100.5083,position0-vertical,19335.13,0.18
5,false,1,7,0.68,1.00,1,vertical,ratioPercentage,72,31.19742,165.2477,position1-vertical,31666.28,0.68
5,false,1,8,0.48,1.00,1,vertical,ratioPercentage,44,24.61569,165.5592,position1-vertical,24618.27,0.48
5,false,1,9,0.28,1.00,2,vertical,ratioPercentage,29,20.74686,171.5505,position2-vertical,20753.39,0.28
5,false,1,10,0.78,1.00,0,vertical,ratioPercentage,79,12.403,99.93854,position0-vertical,12811.7,0.78
5,false,1,11,0.68,1.00,0,vertical,ratioPercentage,68,11.66422,99.2057,position0-vertical,11672.33,0.68
5,false,1,12,0.78,1.00,1,vertical,ratioPercentage,75,9.471695,165.1406,position1-vertical,9851.922,0.78
5,false,1,13,0.28,1.00,0,vertical,ratioPercentage,29,22.01228,99.47116,position0-vertical,22540.59,0.28
5,false,1,14,0.48,1.00,2,vertical,ratioPercentage,46,5.81189,171.4026,position2-vertical,6232.938,0.48
5,false,1,15,0.38,1.00,1,vertical,ratioPercentage,40,6.557556,165.2486,position1-vertical,6567.891,0.38
5,false,1,16,0.78,1.00,2,vertical,ratioPercentage,69,9.619186,171.5945,position2-vertical,9628.297,0.78
5,false,1,17,0.58,1.00,1,vertical,ratioPercentage,58,6.240814,165.6621,position1-vertical,6243.844,0.58
5,false,1,18,0.58,1.00,0,vertical,ratioPercentage,56,8.956818,100.7679,position0-vertical,9393.797,0.58
5,false,1,19,0.38,1.00,0,vertical,ratioPercentage,42,11.74078,100.8311,position0-vertical,11750.63,0.38
5,false,1,20,0.28,1.00,1,vertical,ratioPercentage,29,13.18976,166.1496,position1-vertical,13560.09,0.28
5,false,1,21,0.58,1.00,2,vertical,ratioPercentage,56,4.636261,171.9122,position2-vertical,4646.5,0.58
5,false,1,22,0.68,1.00,2,vertical,ratioPercentage,62,6.001465,171.9115,position2-vertical,6009.656,0.68
5,false,1,23,0.88,1.00,1,vertical,ratioPercentage,87,10.38907,166.2016,position1-vertical,10398.69,0.88
5,false,2,0,0.28,1.00,0,horizontal,ratioPercentage,25,8.187714,89.63079,position0-horizontal,8198.438,0.28
5,false,2,1,0.38,1.00,2,horizontal,ratioPercentage,37,10.21136,170.1524,position2-horizontal,10779.19,0.38
5,false,2,2,0.38,1.00,1,horizontal,ratioPercentage,42,6.366974,162.8351,position1-horizontal,6377.813,0.38
5,false,2,3,0.58,1.00,2,horizontal,ratioPercentage,55,6.825256,169.912,position2-horizontal,6836.063,0.58
5,false,2,4,0.38,1.00,0,horizontal,ratioPercentage,41,13.87958,90.04575,position0-horizontal,14565.47,0.38
5,false,2,5,0.88,1.00,1,horizontal,ratioPercentage,91,9.197693,162.7625,position1-horizontal,9818.125,0.88
5,false,2,6,0.48,1.00,1,horizontal,ratioPercentage,40,5.504517,162.8864,position1-horizontal,5506.781,0.48
5,false,2,7,0.68,1.00,2,horizontal,ratioPercentage,61,5.679138,170.1868,position2-horizontal,5685.75,0.68
5,false,2,8,0.88,1.00,0,horizontal,ratioPercentage,85,14.73721,88.73703,position0-horizontal,15369.19,0.88
5,false,2,9,0.48,1.00,2,horizontal,ratioPercentage,39,11.51172,170.1964,position2-horizontal,11952.28,0.48
5,false,2,10,0.68,1.00,1,horizontal,ratioPercentage,68,8.221344,162.8798,position1-horizontal,8231.844,0.68
5,false,2,11,0.58,1.00,1,horizontal,ratioPercentage,60,5.226563,162.8825,position1-horizontal,5227.438,0.58
5,false,2,12,0.18,1.00,2,horizontal,ratioPercentage,10,12.46982,170.1948,position2-horizontal,12476.59,0.18
5,false,2,13,0.88,1.00,2,horizontal,ratioPercentage,82,9.296417,170.2209,position2-horizontal,9304.375,0.88
5,false,2,14,0.28,1.00,1,horizontal,ratioPercentage,29,15.80182,162.849,position1-horizontal,15805.41,0.28
5,false,2,15,0.58,1.00,0,horizontal,ratioPercentage,60,6.238068,90.089,position0-horizontal,6880.688,0.58
5,false,2,16,0.28,1.00,2,horizontal,ratioPercentage,20,16.21432,170.258,position2-horizontal,16709.59,0.28
5,false,2,17,0.78,1.00,1,horizontal,ratioPercentage,86,11.0174,163.0083,position1-horizontal,11025.31,0.78
5,false,2,18,0.68,1.00,0,horizontal,ratioPercentage,73,8.755066,89.64536,position0-horizontal,9404.313,0.68
5,false,2,19,0.48,1.00,0,horizontal,ratioPercentage,46,5.919739,89.96701,position0-horizontal,5920.188,0.48
5,false,2,20,0.78,1.00,2,horizontal,ratioPercentage,73,14.37469,170.2497,position2-horizontal,14766.13,0.78
5,false,2,21,0.18,1.00,0,horizontal,ratioPercentage,19,13.57153,92.08922,position0-horizontal,14185.75,0.18
5,false,2,22,0.78,1.00,0,horizontal,ratioPercentage,80,10.40417,89.85975,position0-horizontal,10410.38,0.78
5,false,2,23,0.18,1.00,1,horizontal,ratioPercentage,12,12.2041,163.2014,position1-horizontal,12677.69,0.18
6,false,1,0,0.78,1.00,1,horizontal,ratioPercentage,85,14.31393,163.2298,position1-horizontal,14319.77,0.78
6,false,1,1,0.28,1.00,0,horizontal,ratioPercentage,21,20.86824,79.17139,position0-horizontal,22943.2,0.28
6,false,1,2,0.68,1.00,0,horizontal,ratioPercentage,71,16.71802,80.0777,position0-horizontal,16727.55,0.68
6,false,1,3,0.48,1.00,2,horizontal,ratioPercentage,32,37.23852,170.6228,position2-horizontal,38909.4,0.48
6,false,1,4,0.78,1.00,0,horizontal,ratioPercentage,77,38.46721,78.18078,position0-horizontal,39284.23,0.78
6,false,1,5,0.68,1.00,1,horizontal,ratioPercentage,60,11.63104,163.7808,position1-horizontal,12708.28,0.68
6,false,1,6,0.88,1.00,2,horizontal,ratioPercentage,91,26.42902,170.6199,position2-horizontal,26431.31,0.88
6,false,1,7,0.18,1.00,0,horizontal,ratioPercentage,15,25.39706,80.90291,position0-horizontal,26234.7,0.18
6,false,1,8,0.38,1.00,2,horizontal,ratioPercentage,15,13.45256,170.2354,position2-horizontal,14133.3,0.38
6,false,1,9,0.58,1.00,0,horizontal,ratioPercentage,59,21.368,82.25328,position0-horizontal,22015.42,0.58
6,false,1,10,0.68,1.00,2,horizontal,ratioPercentage,65,19.4509,170.1079,position2-horizontal,19982.92,0.68
6,false,1,11,0.48,1.00,1,horizontal,ratioPercentage,45,11.86911,162.6168,position1-horizontal,11873.78,0.48
6,false,1,12,0.58,1.00,2,horizontal,ratioPercentage,50,9.865631,169.938,position2-horizontal,9874.281,0.58
6,false,1,13,0.28,1.00,1,horizontal,ratioPercentage,20,11.42563,162.4839,position1-horizontal,11426.66,0.28
6,false,1,14,0.88,1.00,0,horizontal,ratioPercentage,90,17.26511,80.98847,position0-horizontal,18106.16,0.88
6,false,1,15,0.48,1.00,0,horizontal,ratioPercentage,45,17.28946,82.70613,position0-horizontal,17291,0.48
6,false,1,16,0.28,1.00,2,horizontal,ratioPercentage,15,18.15543,170.0595,position2-horizontal,18854.88,0.28
6,false,1,17,0.58,1.00,1,horizontal,ratioPercentage,60,10.52185,162.5829,position1-horizontal,10521.97,0.58
6,false,1,18,0.38,1.00,1,horizontal,ratioPercentage,40,11.40433,162.5636,position1-horizontal,11404.69,0.38
6,false,1,19,0.78,1.00,2,horizontal,ratioPercentage,73,9.699829,169.9832,position2-horizontal,9706.594,0.78
6,false,1,20,0.38,1.00,0,horizontal,ratioPercentage,40,8.593384,85.6901,position0-horizontal,9404.719,0.38
6,false,1,21,0.18,1.00,1,horizontal,ratioPercentage,10,15.5903,162.2673,position1-horizontal,16241.34,0.18
6,false,1,22,0.18,1.00,2,horizontal,ratioPercentage,8,13.36063,169.8574,position2-horizontal,13370.31,0.18
6,false,1,23,0.88,1.00,1,horizontal,ratioPercentage,89,11.69977,162.1171,position1-horizontal,11705.81,0.88
6,false,2,0,0.28,1.00,1,vertical,ratioPercentage,28,15.45703,163.2367,position1-vertical,15459,0.28
6,false,2,1,0.78,1.00,2,vertical,ratioPercentage,80,13.40536,170.2407,position2-vertical,13415,0.78
6,false,2,2,0.88,1.00,2,vertical,ratioPercentage,90,10.3486,170.2462,position2-vertical,10354.38,0.88
6,false,2,3,0.68,1.00,0,vertical,ratioPercentage,60,10.57727,91.61074,position0-vertical,11728.69,0.68
6,false,2,4,0.38,1.00,0,vertical,ratioPercentage,40,16.67609,91.92223,position0-vertical,16676.56,0.38
6,false,2,5,0.38,1.00,1,vertical,ratioPercentage,40,11.5473,163.212,position1-vertical,12082.31,0.38
6,false,2,6,0.18,1.00,2,vertical,ratioPercentage,15,17.55096,170.2735,position2-vertical,17559.25,0.18
6,false,2,7,0.68,1.00,2,vertical,ratioPercentage,70,15.13037,170.2523,position2-vertical,15134.94,0.68
6,false,2,8,0.58,1.00,1,vertical,ratioPercentage,55,17.15216,163.0577,position1-vertical,17155.13,0.58
6,false,2,9,0.78,1.00,1,vertical,ratioPercentage,70,9.346863,162.8784,position1-vertical,9350.313,0.78
6,false,2,10,0.58,1.00,2,vertical,ratioPercentage,55,9.642029,170.0124,position2-vertical,9650.688,0.58
6,false,2,11,0.18,1.00,1,vertical,ratioPercentage,20,17.78412,162.8846,position1-vertical,17786.56,0.18
6,false,2,12,0.78,1.00,0,vertical,ratioPercentage,70,20.36243,93.17959,position0-vertical,21278.25,0.78
6,false,2,13,0.28,1.00,0,vertical,ratioPercentage,20,12.18219,91.94173,position0-vertical,12186.44,0.28
6,false,2,14,0.48,1.00,2,vertical,ratioPercentage,40,13.80249,170.1096,position2-vertical,14387,0.48
6,false,2,15,0.58,1.00,0,vertical,ratioPercentage,50,6.294495,96.02287,position0-vertical,6869.75,0.58
6,false,2,16,0.28,1.00,2,vertical,ratioPercentage,30,18.67273,170.1144,position2-vertical,19167.19,0.28
6,false,2,17,0.88,1.00,0,vertical,ratioPercentage,90,10.38556,93.10869,position0-vertical,10912.75,0.88
6,false,2,18,0.18,1.00,0,vertical,ratioPercentage,20,10.46307,92.77628,position0-vertical,10466.44,0.18
6,false,2,19,0.48,1.00,0,vertical,ratioPercentage,45,11.56854,93.02255,position0-vertical,11572.13,0.48
6,false,2,20,0.48,1.00,1,vertical,ratioPercentage,50,13.18469,162.3981,position1-vertical,13682.81,0.48
6,false,2,21,0.68,1.00,1,vertical,ratioPercentage,70,14.56104,162.3987,position1-vertical,14565.25,0.68
6,false,2,22,0.38,1.00,2,vertical,ratioPercentage,40,6.696533,169.7608,position2-vertical,6702.125,0.38
6,false,2,23,0.88,1.00,1,vertical,ratioPercentage,90,9.111206,162.4438,position1-vertical,9114.688,0.88
7,false,1,0,0.28,1.00,0,vertical,ratioPercentage,28,8.85009,95.68801,position0-vertical,8857.543,0.28
7,false,1,1,0.38,1.00,0,vertical,ratioPercentage,35,7.780033,95.52366,position0-vertical,7785.498,0.38
7,false,1,2,0.28,1.00,1,vertical,ratioPercentage,26,15.3203,166.1853,position1-vertical,16140.27,0.28
7,false,1,3,0.78,1.00,1,vertical,ratioPercentage,79,6.767445,166.2783,position1-vertical,6769.363,0.78
7,false,1,4,0.88,1.00,0,vertical,ratioPercentage,91,6.79401,96.92006,position0-vertical,7248.785,0.88
7,false,1,5,0.18,1.00,2,vertical,ratioPercentage,14,9.36792,171.6597,position2-vertical,9829.461,0.18
7,false,1,6,0.58,1.00,0,vertical,ratioPercentage,56,8.336235,95.67275,position0-vertical,8757.211,0.58
7,false,1,7,0.88,1.00,1,vertical,ratioPercentage,90,8.04718,165.811,position1-vertical,8433.172,0.88
7,false,1,8,0.48,1.00,2,vertical,ratioPercentage,40,7.352623,171.495,position2-vertical,7361,0.48
7,false,1,9,0.58,1.00,2,vertical,ratioPercentage,54,8.720657,171.5306,position2-vertical,8723.586,0.58
7,false,1,10,0.38,1.00,1,vertical,ratioPercentage,35,5.21447,165.4798,position1-vertical,5216.031,0.38
7,false,1,11,0.48,1.00,1,vertical,ratioPercentage,50,6.761322,165.4829,position1-vertical,6769.07,0.48
7,false,1,12,0.28,1.00,2,vertical,ratioPercentage,27,9.623512,171.6117,position2-vertical,9628.867,0.28
7,false,1,13,0.88,1.00,2,vertical,ratioPercentage,83,9.641174,171.847,position2-vertical,9651,0.88
7,false,1,14,0.48,1.00,0,vertical,ratioPercentage,46,7.124512,97.19141,position0-vertical,7561.109,0.48
7,false,1,15,0.78,1.00,0,vertical,ratioPercentage,77,8.603455,96.79917,position0-vertical,8612.281,0.78
7,false,1,16,0.78,1.00,2,vertical,ratioPercentage,70,7.746002,171.8592,position2-vertical,8153.656,0.78
7,false,1,17,0.18,1.00,1,vertical,ratioPercentage,20,8.613754,165.8487,position1-vertical,8623.297,0.18
7,false,1,18,0.38,1.00,2,vertical,ratioPercentage,43,6.604233,171.7834,position2-vertical,6612.703,0.38
7,false,1,19,0.68,1.00,2,vertical,ratioPercentage,62,5.43251,171.8164,position2-vertical,5439.391,0.68
7,false,1,20,0.18,1.00,0,vertical,ratioPercentage,17,16.76083,99.12621,position0-vertical,17995,0.18
7,false,1,21,0.58,1.00,1,vertical,ratioPercentage,61,3.843048,170.0099,position1-vertical,5115.531,0.58
7,false,1,22,0.68,1.00,1,vertical,ratioPercentage,65,5.23732,169.5232,position1-vertical,5238.734,0.68
7,false,1,23,0.68,1.00,0,vertical,ratioPercentage,75,6.30687,96.44065,position0-vertical,6958.438,0.68
7,false,2,0,0.78,1.00,2,horizontal,ratioPercentage,85,9.876495,173.8817,position2-horizontal,9885.594,0.78
7,false,2,1,0.68,1.00,1,horizontal,ratioPercentage,73,8.699768,169.7988,position1-horizontal,8701.063,0.68
7,false,2,2,0.28,1.00,1,horizontal,ratioPercentage,24,5.316574,169.4016,position1-horizontal,5316.797,0.28
7,false,2,3,0.88,1.00,0,horizontal,ratioPercentage,90,8.900421,67.42731,position0-horizontal,9617.172,0.88
7,false,2,4,0.48,1.00,2,horizontal,ratioPercentage,45,4.795868,173.7996,position2-horizontal,5484.359,0.48
7,false,2,5,0.38,1.00,1,horizontal,ratioPercentage,32,4.9664,168.6387,position1-horizontal,4970.5,0.38
7,false,2,6,0.38,1.00,0,horizontal,ratioPercentage,46,9.106323,70.7504,position0-horizontal,9651.031,0.38
7,false,2,7,0.58,1.00,2,horizontal,ratioPercentage,47,5.983765,173.8725,position2-horizontal,6266.344,0.58
7,false,2,8,0.28,1.00,0,horizontal,ratioPercentage,25,10.67505,73.48779,position0-horizontal,11046.84,0.28
7,false,2,9,0.28,1.00,2,horizontal,ratioPercentage,20,6.824188,173.8649,position2-horizontal,7204.719,0.28
7,false,2,10,0.68,1.00,2,horizontal,ratioPercentage,75,8.222931,173.717,position2-horizontal,8232.031,0.68
7,false,2,11,0.58,1.00,1,horizontal,ratioPercentage,63,5.295563,168.8902,position1-horizontal,5305.969,0.58
7,false,2,12,0.58,1.00,0,horizontal,ratioPercentage,67,4.856689,67.55681,position0-horizontal,5383.375,0.58
7,false,2,13,0.48,1.00,1,horizontal,ratioPercentage,52,4.684082,169.1008,position1-horizontal,5194.063,0.48
7,false,2,14,0.18,1.00,1,horizontal,ratioPercentage,10,7.333832,168.8557,position1-horizontal,7338.625,0.18
7,false,2,15,0.68,1.00,0,horizontal,ratioPercentage,70,5.097107,69.13596,position0-horizontal,5663.313,0.68
7,false,2,16,0.88,1.00,1,horizontal,ratioPercentage,90,6.970245,168.7334,position1-horizontal,7362,0.88
7,false,2,17,0.78,1.00,0,horizontal,ratioPercentage,80,12.8291,60.87072,position0-horizontal,13458.84,0.78
7,false,2,18,0.88,1.00,2,horizontal,ratioPercentage,95,7.984772,173.868,position2-horizontal,8544.563,0.88
7,false,2,19,0.48,1.00,0,horizontal,ratioPercentage,44,8.220459,67.7278,position0-horizontal,8935.688,0.48
7,false,2,20,0.78,1.00,1,horizontal,ratioPercentage,86,7.819244,168.5895,position1-horizontal,8165.469,0.78
7,false,2,21,0.38,1.00,2,horizontal,ratioPercentage,30,5.403137,173.727,position2-horizontal,5406.094,0.38
7,false,2,22,0.18,1.00,2,horizontal,ratioPercentage,10,11.80969,174.1306,position2-horizontal,11817.66,0.18
7,false,2,23,0.18,1.00,0,horizontal,ratioPercentage,15,8.769348,94.15327,position0-horizontal,9304.125,0.18
8,false,1,0,0.38,1.00,1,horizontal,ratioPercentage,24,11.68636,162.984,position1-horizontal,12074.53,0.38
8,false,1,1,0.88,1.00,1,horizontal,ratioPercentage,90,10.31845,163.1506,position1-horizontal,10320.98,0.88
8,false,1,2,0.88,1.00,0,horizontal,ratioPercentage,90,13.52498,81.12917,position0-horizontal,13906.53,0.88
8,false,1,3,0.68,1.00,1,horizontal,ratioPercentage,84,14.68033,162.6282,position1-horizontal,14788.69,0.68
8,false,1,4,0.68,1.00,0,horizontal,ratioPercentage,70,27.81812,87.8904,position0-horizontal,28204.44,0.68
8,false,1,5,0.28,1.00,2,horizontal,ratioPercentage,15,6.677185,170.6352,position2-horizontal,7092.406,0.28
8,false,1,6,0.28,1.00,1,horizontal,ratioPercentage,20,7.248383,163.591,position1-horizontal,7249,0.28
8,false,1,7,0.18,1.00,2,horizontal,ratioPercentage,10,8.180206,169.7188,position2-horizontal,8187.375,0.18
8,false,1,8,0.58,1.00,2,horizontal,ratioPercentage,50,6.906097,170.0883,position2-horizontal,6914.781,0.58
8,false,1,9,0.18,1.00,0,horizontal,ratioPercentage,17,7.190582,91.39679,position0-horizontal,7628.906,0.18
8,false,1,10,0.38,1.00,0,horizontal,ratioPercentage,35,9.335815,89.4079,position0-horizontal,9345.219,0.38
8,false,1,11,0.58,1.00,0,horizontal,ratioPercentage,55,6.715515,87.75753,position0-horizontal,6724.156,0.58
8,false,1,12,0.88,1.00,2,horizontal,ratioPercentage,90,7.919556,170.0493,position2-horizontal,8415.156,0.88
8,false,1,13,0.68,1.00,2,horizontal,ratioPercentage,85,9.647888,170.2555,position2-horizontal,9650.563,0.68
8,false,1,14,0.38,1.00,2,horizontal,ratioPercentage,20,7.543488,171.1506,position2-horizontal,7551.156,0.38
8,false,1,15,0.28,1.00,0,horizontal,ratioPercentage,25,6.870544,61.59001,position0-horizontal,7327.063,0.28
8,false,1,16,0.78,1.00,2,horizontal,ratioPercentage,84,9.265198,170.4942,position2-horizontal,9550.219,0.78
8,false,1,17,0.78,1.00,0,horizontal,ratioPercentage,75,6.590363,92.81656,position0-horizontal,6925.156,0.78
8,false,1,18,0.18,1.00,1,horizontal,ratioPercentage,8,7.855469,163.3315,position1-horizontal,8165.094,0.18
8,false,1,19,0.78,1.00,1,horizontal,ratioPercentage,90,7.260529,163.5892,position1-horizontal,7260.625,0.78
8,false,1,20,0.48,1.00,1,horizontal,ratioPercentage,35,4.037018,163.8638,position1-horizontal,4043.156,0.48
8,false,1,21,0.58,1.00,1,horizontal,ratioPercentage,55,3.634064,162.8086,position1-horizontal,3641.469,0.58
8,false,1,22,0.48,1.00,0,horizontal,ratioPercentage,45,5.308411,92.21287,position0-horizontal,5729.938,0.48
8,false,1,23,0.48,1.00,2,horizontal,ratioPercentage,38,7.337921,170.5856,position2-horizontal,7696.156,0.48
8,false,2,0,0.88,1.00,0,vertical,ratioPercentage,90,7.343933,96.36909,position0-vertical,7349.844,0.88
8,false,2,1,0.28,1.00,1,vertical,ratioPercentage,20,7.105225,163.6705,position1-vertical,7439.094,0.28
8,false,2,2,0.38,1.00,1,vertical,ratioPercentage,28,11.13062,164.1319,position1-vertical,11136.5,0.38
8,false,2,3,0.18,1.00,1,vertical,ratioPercentage,14,10.78705,164.1812,position1-vertical,10789.75,0.18
8,false,2,4,0.78,1.00,2,vertical,ratioPercentage,76,5.437958,170.8776,position2-vertical,5439.813,0.78
8,false,2,5,0.48,1.00,1,vertical,ratioPercentage,45,2.89859,163.8734,position1-vertical,2905.094,0.48
8,false,2,6,0.58,1.00,1,vertical,ratioPercentage,52,4.428955,163.9359,position1-vertical,4430.344,0.58
8,false,2,7,0.58,1.00,0,vertical,ratioPercentage,51,7.96463,97.96783,position0-vertical,8291.219,0.58
8,false,2,8,0.48,1.00,2,vertical,ratioPercentage,47,3.507141,170.1526,position2-vertical,3798.063,0.48
8,false,2,9,0.68,1.00,1,vertical,ratioPercentage,70,6.965637,163.1894,position1-vertical,6969.625,0.68
8,false,2,10,0.48,1.00,0,vertical,ratioPercentage,43,10.51147,96.82117,position0-vertical,10801.38,0.48
8,false,2,11,0.68,1.00,2,vertical,ratioPercentage,68,6.803772,170.2425,position2-vertical,7025.625,0.68
8,false,2,12,0.28,1.00,0,vertical,ratioPercentage,22,11.30658,96.85147,position0-vertical,11602.81,0.28
8,false,2,13,0.38,1.00,0,vertical,ratioPercentage,35,5.29248,98.1912,position0-vertical,5297.063,0.38
8,false,2,14,0.88,1.00,1,vertical,ratioPercentage,90,7.846619,162.8757,position1-vertical,8109.688,0.88
8,false,2,15,0.18,1.00,2,vertical,ratioPercentage,17,12.73578,171.2404,position2-vertical,12744.69,0.18
8,false,2,16,0.88,1.00,2,vertical,ratioPercentage,86,7.374634,170.7244,position2-vertical,7383.313,0.88
8,false,2,17,0.78,1.00,0,vertical,ratioPercentage,85,9.024292,94.87048,position0-vertical,9438.5,0.78
8,false,2,18,0.58,1.00,2,vertical,ratioPercentage,50,4.817688,170.705,position2-vertical,5104.563,0.58
8,false,2,19,0.38,1.00,2,vertical,ratioPercentage,38,5.710938,171.1126,position2-vertical,5715.438,0.38
8,false,2,20,0.28,1.00,2,vertical,ratioPercentage,26,6.638245,170.9953,position2-vertical,6638.438,0.28
8,false,2,21,0.78,1.00,1,vertical,ratioPercentage,80,7.510864,164.0109,position1-vertical,7517.063,0.78
8,false,2,22,0.68,1.00,0,vertical,ratioPercentage,75,7.027588,95.39513,position0-vertical,7394.5,0.68
8,false,2,23,0.18,1.00,0,vertical,ratioPercentage,20,10.37103,94.95192,position0-vertical,10376.75,0.18
9,false,1,0,0.68,1.00,1,vertical,ratioPercentage,75,6.759804,164.0361,position1-vertical,6769.195,0.68
9,false,1,1,0.48,1.00,2,vertical,ratioPercentage,50,2.842117,170.4173,position2-vertical,2848.984,0.48
9,false,1,2,0.78,1.00,1,vertical,ratioPercentage,75,10.93208,163.713,position1-vertical,10934.42,0.78
9,false,1,3,0.88,1.00,1,vertical,ratioPercentage,85,8.800797,163.7935,position1-vertical,8802.031,0.88
9,false,1,4,0.58,1.00,0,vertical,ratioPercentage,50,10.07886,97.67107,position0-vertical,10644.73,0.58
9,false,1,5,0.38,1.00,1,vertical,ratioPercentage,40,8.469986,165.5352,position1-vertical,8868.906,0.38
9,false,1,6,0.88,1.00,2,vertical,ratioPercentage,85,7.632172,171.487,position2-vertical,7639.969,0.88
9,false,1,7,0.28,1.00,0,vertical,ratioPercentage,25,8.657913,96.54179,position0-vertical,9103.516,0.28
9,false,1,8,0.58,1.00,2,vertical,ratioPercentage,50,3.131821,170.7544,position2-vertical,3540.578,0.58
9,false,1,9,0.18,1.00,0,vertical,ratioPercentage,12,23.34592,95.08356,position0-vertical,23825.2,0.18
9,false,1,10,0.18,1.00,1,vertical,ratioPercentage,15,9.017197,164.0896,position1-vertical,9260.172,0.18
9,false,1,11,0.38,1.00,0,vertical,ratioPercentage,35,10.94522,94.8823,position0-vertical,11694.7,0.38
9,false,1,12,0.18,1.00,2,vertical,ratioPercentage,12,12.58083,170.4078,position2-vertical,13124.47,0.18
9,false,1,13,0.48,1.00,0,vertical,ratioPercentage,50,2.496399,92.12599,position0-vertical,2948.922,0.48
9,false,1,14,0.28,1.00,1,vertical,ratioPercentage,25,5.460373,163.7562,position1-vertical,5841.75,0.28
9,false,1,15,0.78,1.00,0,vertical,ratioPercentage,75,9.056061,97.0178,position0-vertical,9662.359,0.78
9,false,1,16,0.68,1.00,0,vertical,ratioPercentage,70,8.455933,101.4385,position0-vertical,8466.531,0.68
9,false,1,17,0.38,1.00,2,vertical,ratioPercentage,40,5.151672,170.1457,position2-vertical,5551.281,0.38
9,false,1,18,0.68,1.00,2,vertical,ratioPercentage,70,7.178772,170.1923,position2-vertical,7182.688,0.68
9,false,1,19,0.78,1.00,2,vertical,ratioPercentage,80,7.518188,170.2516,position2-vertical,7528.281,0.78
9,false,1,20,0.88,1.00,0,vertical,ratioPercentage,80,11.50284,97.51449,position0-vertical,11918,0.88
9,false,1,21,0.48,1.00,1,vertical,ratioPercentage,50,2.986969,163.7245,position1-vertical,3339.688,0.48
9,false,1,22,0.58,1.00,1,vertical,ratioPercentage,55,7.426086,163.6298,position1-vertical,7427.969,0.58
9,false,1,23,0.28,1.00,2,vertical,ratioPercentage,25,4.527618,170.4413,position2-vertical,4534.906,0.28
9,false,2,0,0.48,1.00,0,horizontal,ratioPercentage,50,3.165649,88.5953,position0-horizontal,3686.031,0.48
9,false,2,1,0.58,1.00,1,horizontal,ratioPercentage,50,3.64267,162.0691,position1-horizontal,4032.594,0.58
9,false,2,2,0.18,1.00,0,horizontal,ratioPercentage,20,12.93607,87.77548,position0-horizontal,13515.63,0.18
9,false,2,3,0.28,1.00,1,horizontal,ratioPercentage,15,7.331329,162.8833,position1-horizontal,7684.125,0.28
9,false,2,4,0.18,1.00,2,horizontal,ratioPercentage,10,7.906464,170.2347,position2-horizontal,7908.469,0.18
9,false,2,5,0.28,1.00,0,horizontal,ratioPercentage,25,5.605255,87.74254,position0-horizontal,6087.688,0.28
9,false,2,6,0.18,1.00,1,horizontal,ratioPercentage,15,5.715118,163.0937,position1-horizontal,6109.875,0.18
9,false,2,7,0.38,1.00,0,horizontal,ratioPercentage,40,9.255249,87.54835,position0-horizontal,9740.094,0.38
9,false,2,8,0.48,1.00,2,horizontal,ratioPercentage,46,3.587128,170.0288,position2-horizontal,3943,0.48
9,false,2,9,0.58,1.00,2,horizontal,ratioPercentage,55,3.628326,170.0826,position2-horizontal,3630.094,0.58
9,false,2,10,0.38,1.00,2,horizontal,ratioPercentage,20,6.484558,170.018,position2-horizontal,6489.563,0.38
9,false,2,11,0.88,1.00,0,horizontal,ratioPercentage,85,7.795746,83.26258,position0-horizontal,8466.75,0.88
9,false,2,12,0.58,1.00,0,horizontal,ratioPercentage,60,5.893372,85.0878,position0-horizontal,5897.625,0.58
9,false,2,13,0.38,1.00,1,horizontal,ratioPercentage,40,3.190582,163.0949,position1-horizontal,3641.656,0.38
9,false,2,14,0.68,1.00,0,horizontal,ratioPercentage,65,5.55603,86.28724,position0-horizontal,6143.25,0.68
9,false,2,15,0.48,1.00,1,horizontal,ratioPercentage,50,2.359222,162.5779,position1-horizontal,2703.188,0.48
9,false,2,16,0.78,1.00,2,horizontal,ratioPercentage,85,6.370453,169.9832,position2-horizontal,6377.875,0.78
9,false,2,17,0.68,1.00,2,horizontal,ratioPercentage,90,7.945862,170.0572,position2-horizontal,7953.188,0.68
9,false,2,18,0.78,1.00,0,horizontal,ratioPercentage,80,6.269989,86.03953,position0-horizontal,6735.25,0.78
9,false,2,19,0.28,1.00,2,horizontal,ratioPercentage,10,6.159882,170.1672,position2-horizontal,6578.781,0.28
9,false,2,20,0.68,1.00,1,horizontal,ratioPercentage,80,4.953094,162.7154,position1-horizontal,4959.875,0.68
9,false,2,21,0.88,1.00,2,horizontal,ratioPercentage,90,6.699707,169.8106,position2-horizontal,6702.188,0.88
9,false,2,22,0.78,1.00,1,horizontal,ratioPercentage,90,6.31012,162.5059,position1-horizontal,6310.375,0.78
9,false,2,23,0.88,1.00,1,horizontal,ratioPercentage,91,7.348877,162.5374,position1-horizontal,7349.906,0.88
10,false,1,0,0.68,1.00,0,horizontal,ratioPercentage,75,10.41507,78.4019,position0-horizontal,10835.42,0.68
10,false,1,1,0.88,1.00,1,horizontal,ratioPercentage,95,8.688156,164.4463,position1-horizontal,9073.078,0.88
10,false,1,2,0.78,1.00,1,horizontal,ratioPercentage,80,6.042221,164.2075,position1-horizontal,6042.953,0.78
10,false,1,3,0.28,1.00,1,horizontal,ratioPercentage,15,10.69844,164.3308,position1-horizontal,10700.66,0.28
10,false,1,4,0.68,1.00,2,horizontal,ratioPercentage,61,8.040588,171.1302,position2-horizontal,8042.141,0.68
10,false,1,5,0.58,1.00,0,horizontal,ratioPercentage,59,11.99512,78.8942,position0-horizontal,12443.42,0.58
10,false,1,6,0.48,1.00,0,horizontal,ratioPercentage,45,11.03079,80.01682,position0-horizontal,11035.69,0.48
10,false,1,7,0.28,1.00,0,horizontal,ratioPercentage,21,10.95491,79.89247,position0-horizontal,10957.45,0.28
10,false,1,8,0.58,1.00,1,horizontal,ratioPercentage,61,3.028152,164.4409,position1-horizontal,3306.578,0.58
10,false,1,9,0.48,1.00,2,horizontal,ratioPercentage,32,3.714279,171.1855,position2-horizontal,3719.453,0.48
10,false,1,10,0.28,1.00,2,horizontal,ratioPercentage,12,7.788513,170.9367,position2-horizontal,7796.469,0.28
10,false,1,11,0.78,1.00,0,horizontal,ratioPercentage,85,9.999115,79.23763,position0-horizontal,10488.36,0.78
10,false,1,12,0.38,1.00,1,horizontal,ratioPercentage,25,9.247101,164.6909,position1-horizontal,9692.438,0.38
10,false,1,13,0.18,1.00,0,horizontal,ratioPercentage,17,8.284851,80.69904,position0-horizontal,8704.406,0.18
10,false,1,14,0.18,1.00,2,horizontal,ratioPercentage,13,5.827423,171.3461,position2-horizontal,6009.25,0.18
10,false,1,15,0.88,1.00,2,horizontal,ratioPercentage,90,7.422211,171.2472,position2-horizontal,7428.125,0.88
10,false,1,16,0.88,1.00,0,horizontal,ratioPercentage,91,7.732697,79.78429,position0-horizontal,8343.813,0.88
10,false,1,17,0.38,1.00,2,horizontal,ratioPercentage,23,7.485779,171.2321,position2-horizontal,7930.875,0.38
10,false,1,18,0.48,1.00,1,horizontal,ratioPercentage,43,6.12561,164.3419,position1-horizontal,6128.719,0.48
10,false,1,19,0.68,1.00,1,horizontal,ratioPercentage,73,5.044708,164.3234,position1-horizontal,5052.406,0.68
10,false,1,20,0.38,1.00,0,horizontal,ratioPercentage,36,7.326324,79.19803,position0-horizontal,7803.844,0.38
10,false,1,21,0.58,1.00,2,horizontal,ratioPercentage,50,10.02759,171.0832,position2-horizontal,10034.63,0.58
10,false,1,22,0.78,1.00,2,horizontal,ratioPercentage,77,4.472748,171.0887,position2-horizontal,4478.469,0.78
10,false,1,23,0.18,1.00,1,horizontal,ratioPercentage,9,10.51736,164.1551,position1-horizontal,10522.41,0.18
10,false,2,0,0.58,1.00,1,vertical,ratioPercentage,59,3.809692,165.1077,position1-vertical,3819.219,0.58
10,false,2,1,0.28,1.00,2,vertical,ratioPercentage,29,6.264862,171.452,position2-vertical,6266.313,0.28
10,false,2,2,0.18,1.00,0,vertical,ratioPercentage,15,10.52359,89.65522,position0-vertical,11114.25,0.18
10,false,2,3,0.68,1.00,0,vertical,ratioPercentage,69,10.38831,91.96449,position0-vertical,10853.63,0.68
10,false,2,4,0.38,1.00,1,vertical,ratioPercentage,41,6.046478,165.4665,position1-vertical,6213.719,0.38
10,false,2,5,0.28,1.00,0,vertical,ratioPercentage,26,11.21906,92.51801,position0-vertical,11705.91,0.28
10,false,2,6,0.48,1.00,2,vertical,ratioPercentage,46,3.87326,171.3182,position2-vertical,3998.656,0.48
10,false,2,7,0.38,1.00,2,vertical,ratioPercentage,39,7.066101,171.3157,position2-vertical,7070.625,0.38
10,false,2,8,0.48,1.00,1,vertical,ratioPercentage,48,3.235382,165.1023,position1-vertical,3235.938,0.48
10,false,2,9,0.48,1.00,0,vertical,ratioPercentage,46,4.048279,93.05083,position0-vertical,4546.219,0.48
10,false,2,10,0.68,1.00,1,vertical,ratioPercentage,68,9.917084,165.4203,position1-vertical,10368.81,0.68
10,false,2,11,0.88,1.00,2,vertical,ratioPercentage,89,8.461792,171.6143,position2-vertical,8466.969,0.88
10,false,2,12,0.38,1.00,0,vertical,ratioPercentage,39,6.475586,93.44923,position0-vertical,6891.563,0.38
10,false,2,13,0.18,1.00,1,vertical,ratioPercentage,18,7.069916,165.5366,position1-vertical,7361,0.18
10,false,2,14,0.78,1.00,2,vertical,ratioPercentage,79,5.308929,171.7284,position2-vertical,5316.75,0.78
10,false,2,15,0.58,1.00,2,vertical,ratioPercentage,57,3.516846,171.726,position2-vertical,3519.063,0.58
10,false,2,16,0.88,1.00,0,vertical,ratioPercentage,91,14.88568,93.22472,position0-vertical,15246.59,0.88
10,false,2,17,0.18,1.00,2,vertical,ratioPercentage,18,7.781555,171.547,position2-vertical,7784.781,0.18
10,false,2,18,0.58,1.00,0,vertical,ratioPercentage,59,3.803772,93.30982,position0-vertical,4211.094,0.58
10,false,2,19,0.68,1.00,2,vertical,ratioPercentage,70,6.461792,171.5764,position2-vertical,6724.688,0.68
10,false,2,20,0.28,1.00,1,vertical,ratioPercentage,28,6.507141,165.296,position1-vertical,6512.031,0.28
10,false,2,21,0.78,1.00,1,vertical,ratioPercentage,73,4.173645,165.2458,position1-vertical,4177.594,0.78
10,false,2,22,0.78,1.00,0,vertical,ratioPercentage,73,3.605225,91.83602,position0-vertical,3987.156,0.78
10,false,2,23,0.88,1.00,1,vertical,ratioPercentage,89,8.809082,165.4848,position1-vertical,9159.375,0.88
11,false,1,0,0.78,1.00,0,vertical,ratioPercentage,75,10.70099,95.97562,position0-vertical,11785.13,0.78
11,false,1,1,0.48,1.00,1,vertical,ratioPercentage,45,7.799927,167.3378,position1-vertical,8454.5,0.48
11,false,1,2,0.88,1.00,1,vertical,ratioPercentage,85,9.717712,167.129,position1-vertical,9717.813,0.88
11,false,1,3,0.48,1.00,0,vertical,ratioPercentage,40,5.761963,95.8368,position0-vertical,6322,0.48
11,false,1,4,0.28,1.00,0,vertical,ratioPercentage,20,9.366943,96.452,position0-vertical,9371.625,0.28
11,false,1,5,0.18,1.00,0,vertical,ratioPercentage,15,12.78973,96.63002,position0-vertical,12800.63,0.18
11,false,1,6,0.48,1.00,2,vertical,ratioPercentage,48,5.43396,172.6905,position2-vertical,6299.75,0.48
11,false,1,7,0.78,1.00,1,vertical,ratioPercentage,75,8.880981,167.5564,position1-vertical,8891.5,0.78
11,false,1,8,0.58,1.00,0,vertical,ratioPercentage,55,7.546204,95.96648,position0-vertical,8220.75,0.58
11,false,1,9,0.28,1.00,2,vertical,ratioPercentage,30,9.10907,172.6707,position2-vertical,9740.625,0.28
11,false,1,10,0.88,1.00,0,vertical,ratioPercentage,85,10.00977,98.7505,position0-vertical,10756.25,0.88
11,false,1,11,0.38,1.00,0,vertical,ratioPercentage,35,8.755493,98.22007,position0-vertical,8756.813,0.38
11,false,1,12,0.18,1.00,1,vertical,ratioPercentage,25,9.319031,167.3158,position1-vertical,9874.688,0.18
11,false,1,13,0.88,1.00,2,vertical,ratioPercentage,86,10.57452,172.5521,position2-vertical,10577.75,0.88
11,false,1,14,0.28,1.00,1,vertical,ratioPercentage,35,7.212097,167.2645,position1-vertical,7215.313,0.28
11,false,1,15,0.68,1.00,0,vertical,ratioPercentage,65,10.12396,97.64055,position0-vertical,10723,0.68
11,false,1,16,0.78,1.00,2,vertical,ratioPercentage,75,7.187805,172.4444,position2-vertical,7797.188,0.78
11,false,1,17,0.58,1.00,1,vertical,ratioPercentage,60,6.142273,167.3952,position1-vertical,6143.313,0.58
11,false,1,18,0.58,1.00,2,vertical,ratioPercentage,56,5.973145,172.557,position2-vertical,5975.375,0.58
11,false,1,19,0.68,1.00,2,vertical,ratioPercentage,66,9.512146,172.5576,position2-vertical,9516.75,0.68
11,false,1,20,0.38,1.00,2,vertical,ratioPercentage,35,6.870789,172.5676,position2-vertical,6880.875,0.38
11,false,1,21,0.38,1.00,1,vertical,ratioPercentage,35,4.494141,167.3279,position1-vertical,4501.125,0.38
11,false,1,22,0.18,1.00,2,vertical,ratioPercentage,25,11.40997,172.5558,position2-vertical,11415.81,0.18
11,false,1,23,0.68,1.00,1,vertical,ratioPercentage,70,8.331604,167.373,position1-vertical,8332.75,0.68
11,false,2,0,0.88,1.00,0,horizontal,ratioPercentage,90,11.32477,86.91249,position0-horizontal,12208.56,0.88
11,false,2,1,0.38,1.00,1,horizontal,ratioPercentage,33,10.01434,166.9563,position1-horizontal,10689.56,0.38
11,false,2,2,0.78,1.00,1,horizontal,ratioPercentage,75,5.476501,166.8512,position1-horizontal,5484.375,0.78
11,false,2,3,0.18,1.00,1,horizontal,ratioPercentage,15,11.76007,166.8801,position1-horizontal,11761.31,0.18
11,false,2,4,0.38,1.00,2,horizontal,ratioPercentage,18,7.343506,172.4626,position2-horizontal,7350.125,0.38
11,false,2,5,0.58,1.00,2,horizontal,ratioPercentage,40,9.311279,172.4816,position2-horizontal,9312.25,0.58
11,false,2,6,0.48,1.00,2,horizontal,ratioPercentage,39,4.048096,172.4888,position2-horizontal,4059,0.48
11,false,2,7,0.68,1.00,2,horizontal,ratioPercentage,46,8.458313,172.4332,position2-horizontal,8465.75,0.68
11,false,2,8,0.78,1.00,0,horizontal,ratioPercentage,85,8.552124,89.44693,position0-horizontal,9393.813,0.78
11,false,2,9,0.58,1.00,0,horizontal,ratioPercentage,70,9.055298,89.12424,position0-horizontal,9058.813,0.58
11,false,2,10,0.18,1.00,0,horizontal,ratioPercentage,15,7.394592,90.04941,position0-horizontal,7394.813,0.18
11,false,2,11,0.28,1.00,0,horizontal,ratioPercentage,30,15.78851,89.23484,position0-horizontal,15793.88,0.28
11,false,2,12,0.18,1.00,2,horizontal,ratioPercentage,13,10.14539,172.5837,position2-horizontal,10812.44,0.18
11,false,2,13,0.48,1.00,1,horizontal,ratioPercentage,41,8.657593,166.6276,position1-horizontal,8667.75,0.48
11,false,2,14,0.28,1.00,1,horizontal,ratioPercentage,20,9.205688,167.1633,position1-horizontal,9214.813,0.28
11,false,2,15,0.48,1.00,0,horizontal,ratioPercentage,50,7.045776,86.96455,position0-horizontal,7628.938,0.48
11,false,2,16,0.78,1.00,2,horizontal,ratioPercentage,90,12.32422,172.3078,position2-horizontal,12789.5,0.78
11,false,2,17,0.38,1.00,0,horizontal,ratioPercentage,40,10.70569,86.54716,position0-horizontal,11270.38,0.38
11,false,2,18,0.28,1.00,2,horizontal,ratioPercentage,25,5.694702,172.148,position2-horizontal,6344.625,0.28
11,false,2,19,0.88,1.00,1,horizontal,ratioPercentage,89,8.05957,166.3508,position1-horizontal,8064.875,0.88
11,false,2,20,0.68,1.00,0,horizontal,ratioPercentage,75,6.753296,86.22328,position0-horizontal,7316,0.68
11,false,2,21,0.88,1.00,2,horizontal,ratioPercentage,95,9.182617,172.1342,position2-horizontal,9807,0.88
11,false,2,22,0.68,1.00,1,horizontal,ratioPercentage,75,7.309937,166.4363,position1-horizontal,7316.25,0.68
11,false,2,23,0.58,1.00,1,horizontal,ratioPercentage,69,6.712158,166.384,position1-horizontal,6713.375,0.58
12,false,1,0,0.28,1.00,0,horizontal,ratioPercentage,20,19.47549,82.44596,position0-horizontal,19480.53,0.28
12,false,1,1,0.48,1.00,0,horizontal,ratioPercentage,49,13.59167,84.87141,position0-horizontal,13593.94,0.48
12,false,1,2,0.38,1.00,0,horizontal,ratioPercentage,36,23.58179,82.22198,position0-horizontal,23590.13,0.38
12,false,1,3,0.78,1.00,2,horizontal,ratioPercentage,70,24.61298,169.6022,position2-horizontal,26964.5,0.78
12,false,1,4,0.68,1.00,0,horizontal,ratioPercentage,75,6.561554,75.76474,position0-horizontal,7193.031,0.68
12,false,1,5,0.88,1.00,1,horizontal,ratioPercentage,88,12.40802,163.576,position1-horizontal,13057.59,0.88
12,false,1,6,0.68,1.00,1,horizontal,ratioPercentage,63,8.664703,163.9399,position1-horizontal,8667.781,0.68
12,false,1,7,0.38,1.00,2,horizontal,ratioPercentage,16,15.70306,170.698,position2-horizontal,15705.03,0.38
12,false,1,8,0.18,1.00,0,horizontal,ratioPercentage,14,23.1394,87.21197,position0-horizontal,23814.16,0.18
12,false,1,9,0.58,1.00,2,horizontal,ratioPercentage,30,18.52917,170.1286,position2-horizontal,19278.63,0.58
12,false,1,10,0.88,1.00,0,horizontal,ratioPercentage,90,9.448364,83.13786,position0-horizontal,9974.75,0.88
12,false,1,11,0.88,1.00,2,horizontal,ratioPercentage,90,27.97534,168.9822,position2-horizontal,28349.19,0.88
12,false,1,12,0.18,1.00,2,horizontal,ratioPercentage,10,7.436462,169.6107,position2-horizontal,7438.938,0.18
12,false,1,13,0.48,1.00,2,horizontal,ratioPercentage,22,12.01093,169.7462,position2-horizontal,12018.94,0.48
12,false,1,14,0.78,1.00,0,horizontal,ratioPercentage,77,17.18225,83.55072,position0-horizontal,17793.5,0.78
12,false,1,15,0.48,1.00,1,horizontal,ratioPercentage,36,18.3822,166.5114,position1-horizontal,19044.38,0.48
12,false,1,16,0.58,1.00,1,horizontal,ratioPercentage,40,6.170471,162.0729,position1-horizontal,6177.188,0.58
12,false,1,17,0.18,1.00,1,horizontal,ratioPercentage,10,11.33002,162.5971,position1-horizontal,11337.31,0.18
12,false,1,18,0.28,1.00,2,horizontal,ratioPercentage,10,10.59711,169.793,position2-horizontal,10600.44,0.28
12,false,1,19,0.38,1.00,1,horizontal,ratioPercentage,25,9.200806,162.866,position1-horizontal,9203.625,0.38
12,false,1,20,0.78,1.00,1,horizontal,ratioPercentage,80,10.18378,162.8545,position1-horizontal,10194.13,0.78
12,false,1,21,0.28,1.00,1,horizontal,ratioPercentage,20,9.683289,162.7463,position1-horizontal,9688.438,0.28
12,false,1,22,0.58,1.00,0,horizontal,ratioPercentage,60,11.92932,78.44483,position0-horizontal,12923.81,0.58
12,false,1,23,0.68,1.00,2,horizontal,ratioPercentage,60,28.29291,169.0883,position2-horizontal,29019.06,0.68
12,false,2,0,0.18,1.00,1,vertical,ratioPercentage,25,10.88214,165.7819,position1-vertical,10890.88,0.18
12,false,2,1,0.68,1.00,0,vertical,ratioPercentage,65,8.363342,97.26772,position0-vertical,9170,0.68
12,false,2,2,0.28,1.00,2,vertical,ratioPercentage,30,9.069702,172.1025,position2-vertical,9617.5,0.28
12,false,2,3,0.38,1.00,0,vertical,ratioPercentage,35,13.03217,94.43903,position0-vertical,13884.75,0.38
12,false,2,4,0.18,1.00,0,vertical,ratioPercentage,17,27.42035,96.21477,position0-vertical,27421.5,0.18
12,false,2,5,0.58,1.00,1,vertical,ratioPercentage,60,11.2052,165.9812,position1-vertical,11840.38,0.58
12,false,2,6,0.28,1.00,1,vertical,ratioPercentage,35,13.94501,168.4171,position1-vertical,13950.94,0.28
12,false,2,7,0.68,1.00,2,vertical,ratioPercentage,70,11.17004,171.9449,position2-vertical,11180.56,0.68
12,false,2,8,0.78,1.00,0,vertical,ratioPercentage,80,8.060852,93.45763,position0-vertical,8801.938,0.78
12,false,2,9,0.68,1.00,1,vertical,ratioPercentage,75,10.45996,167.1629,position1-vertical,10932.44,0.68
12,false,2,10,0.78,1.00,1,vertical,ratioPercentage,80,17.56628,165.9353,position1-vertical,17572.94,0.78
12,false,2,11,0.48,1.00,1,vertical,ratioPercentage,46,6.578491,167.5392,position1-vertical,6578.938,0.48
12,false,2,12,0.38,1.00,1,vertical,ratioPercentage,40,5.00531,167.2852,position1-vertical,5015.688,0.38
12,false,2,13,0.48,1.00,0,vertical,ratioPercentage,45,7.592468,96.6039,position0-vertical,8209.438,0.48
12,false,2,14,0.58,1.00,2,vertical,ratioPercentage,57,6.922119,173.0482,position2-vertical,7651.813,0.58
12,false,2,15,0.48,1.00,2,vertical,ratioPercentage,42,4.780151,172.1959,position2-vertical,4780.313,0.48
12,false,2,16,0.28,1.00,0,vertical,ratioPercentage,30,11.34271,92.23496,position0-vertical,11884.75,0.28
12,false,2,17,0.88,1.00,1,vertical,ratioPercentage,85,14.75684,168.4179,position1-vertical,15391.94,0.88
12,false,2,18,0.78,1.00,2,vertical,ratioPercentage,80,14.13135,169.8036,position2-vertical,14141.13,0.78
12,false,2,19,0.88,1.00,0,vertical,ratioPercentage,90,6.792236,92.67906,position0-vertical,7383.125,0.88
12,false,2,20,0.18,1.00,2,vertical,ratioPercentage,10,6.832642,171.7219,position2-vertical,7651.5,0.18
12,false,2,21,0.58,1.00,0,vertical,ratioPercentage,55,25.60327,87.17522,position0-vertical,26159.56,0.58
12,false,2,22,0.38,1.00,2,vertical,ratioPercentage,40,15.63379,172.226,position2-vertical,16274.88,0.38
12,false,2,23,0.88,1.00,2,vertical,ratioPercentage,90,7.852539,171.2314,position2-vertical,7863.313,0.88
13,false,1,0,0.18,1.00,1,vertical,ratioPercentage,17,10.98666,164.678,position1-vertical,12152.97,0.18
13,false,1,1,0.58,1.00,0,vertical,ratioPercentage,58,8.980713,96.01344,position0-vertical,9482.938,0.58
13,false,1,2,0.48,1.00,2,vertical,ratioPercentage,46,7.852539,171.1907,position2-vertical,9282.938,0.48
13,false,1,3,0.88,1.00,2,vertical,ratioPercentage,88,8.451843,170.606,position2-vertical,8454.875,0.88
13,false,1,4,0.28,1.00,1,vertical,ratioPercentage,35,6.70929,164.0092,position1-vertical,6713,0.28
13,false,1,5,0.88,1.00,0,vertical,ratioPercentage,85,8.701874,96.02731,position0-vertical,9181.469,0.88
13,false,1,6,0.78,1.00,0,vertical,ratioPercentage,76,9.362274,94.86768,position0-vertical,9371.531,0.78
13,false,1,7,0.38,1.00,0,vertical,ratioPercentage,35,7.032532,95.46204,position0-vertical,7036.906,0.38
13,false,1,8,0.28,1.00,2,vertical,ratioPercentage,28,10.82654,171.2324,position2-vertical,11471.78,0.28
13,false,1,9,0.18,1.00,0,vertical,ratioPercentage,19,10.22705,97.08778,position0-vertical,10689.38,0.18
13,false,1,10,0.18,1.00,2,vertical,ratioPercentage,20,8.204437,171.2979,position2-vertical,10277.41,0.18
13,false,1,11,0.68,1.00,0,vertical,ratioPercentage,71,10.74011,96.43073,position0-vertical,11135.69,0.68
13,false,1,12,0.38,1.00,1,vertical,ratioPercentage,36,10.8331,164.1616,position1-vertical,11392.97,0.38
13,false,1,13,0.28,1.00,0,vertical,ratioPercentage,26,10.24469,96.804,position0-vertical,10700.47,0.28
13,false,1,14,0.48,1.00,0,vertical,ratioPercentage,45,15.13544,95.66833,position0-vertical,15146.31,0.48
13,false,1,15,0.58,1.00,1,vertical,ratioPercentage,56,9.15332,164.8216,position1-vertical,9651.25,0.58
13,false,1,16,0.68,1.00,1,vertical,ratioPercentage,72,7.414093,164.0616,position1-vertical,7416.313,0.68
13,false,1,17,0.48,1.00,1,vertical,ratioPercentage,43,10.87161,164.0282,position1-vertical,10879.75,0.48
13,false,1,18,0.78,1.00,1,vertical,ratioPercentage,76,8.594727,164.064,position1-vertical,8600.875,0.78
13,false,1,19,0.38,1.00,2,vertical,ratioPercentage,34,9.823944,170.8034,position2-vertical,9829.219,0.38
13,false,1,20,0.88,1.00,1,vertical,ratioPercentage,85,12.15442,164.1415,position1-vertical,12163.81,0.88
13,false,1,21,0.58,1.00,2,vertical,ratioPercentage,56,8.422821,170.7805,position2-vertical,8423.969,0.58
13,false,1,22,0.78,1.00,2,vertical,ratioPercentage,71,5.695435,170.7935,position2-vertical,5705.938,0.78
13,false,1,23,0.68,1.00,2,vertical,ratioPercentage,67,9.769104,170.7912,position2-vertical,9773.688,0.68
13,false,2,0,0.88,1.00,1,horizontal,ratioPercentage,88,20.86371,163.0599,position1-horizontal,22473.5,0.88
13,false,2,1,0.78,1.00,0,horizontal,ratioPercentage,78,11.95111,82.75435,position0-horizontal,12354.06,0.78
13,false,2,2,0.58,1.00,1,horizontal,ratioPercentage,65,12.00629,164.1392,position1-horizontal,12621.88,0.58
13,false,2,3,0.38,1.00,1,horizontal,ratioPercentage,31,12.46082,162.8716,position1-horizontal,12465.63,0.38
13,false,2,4,0.68,1.00,0,horizontal,ratioPercentage,59,9.903625,82.74985,position0-horizontal,10287.25,0.68
13,false,2,5,0.88,1.00,0,horizontal,ratioPercentage,85,16.71393,81.78672,position0-horizontal,16721.44,0.88
13,false,2,6,0.38,1.00,0,horizontal,ratioPercentage,31,9.11731,82.36477,position0-horizontal,9125.563,0.38
13,false,2,7,0.58,1.00,2,horizontal,ratioPercentage,59,14.05096,170.2174,position2-horizontal,14855.88,0.58
13,false,2,8,0.88,1.00,2,horizontal,ratioPercentage,82,11.4444,169.851,position2-horizontal,11449,0.88
13,false,2,9,0.28,1.00,1,horizontal,ratioPercentage,26,11.19275,162.2539,position1-horizontal,11192.75,0.28
13,false,2,10,0.78,1.00,1,horizontal,ratioPercentage,71,9.676697,162.2559,position1-horizontal,9684,0.78
13,false,2,11,0.78,1.00,2,horizontal,ratioPercentage,72,4.824097,170.0958,position2-horizontal,4825.188,0.78
13,false,2,12,0.28,1.00,0,horizontal,ratioPercentage,25,13.87842,83.00491,position0-horizontal,14498.75,0.28
13,false,2,13,0.68,1.00,2,horizontal,ratioPercentage,61,8.045898,170.1797,position2-horizontal,8656.375,0.68
13,false,2,14,0.48,1.00,2,horizontal,ratioPercentage,41,5.698059,170.1178,position2-horizontal,5707.688,0.48
13,false,2,15,0.48,1.00,0,horizontal,ratioPercentage,45,6.456787,83.45869,position0-horizontal,6947.688,0.48
13,false,2,16,0.18,1.00,2,horizontal,ratioPercentage,12,14.36914,169.3216,position2-horizontal,14912.31,0.18
13,false,2,17,0.58,1.00,0,horizontal,ratioPercentage,53,9.464294,90.977,position0-horizontal,9739.563,0.58
13,false,2,18,0.48,1.00,1,horizontal,ratioPercentage,47,5.753296,162.4645,position1-horizontal,6333.438,0.48
13,false,2,19,0.68,1.00,1,horizontal,ratioPercentage,59,6.465027,162.4297,position1-horizontal,6467.313,0.68
13,false,2,20,0.18,1.00,1,horizontal,ratioPercentage,15,8.196838,162.692,position1-horizontal,8198.5,0.18
13,false,2,21,0.18,1.00,0,horizontal,ratioPercentage,17,6.679443,85.57211,position0-horizontal,7282.563,0.18
13,false,2,22,0.38,1.00,2,horizontal,ratioPercentage,24,18.41412,170.2393,position2-horizontal,19223.56,0.38
13,false,2,23,0.28,1.00,2,horizontal,ratioPercentage,15,9.687805,169.4869,position2-horizontal,9695.938,0.28